<?xml version="1.0" encoding="UTF-8"?>
<metadata xml:lang="fr"><Esri><CreaDate>20220520</CreaDate><CreaTime>09444000</CreaTime><ArcGISFormat>1.0</ArcGISFormat><SyncOnce>FALSE</SyncOnce><DataProperties><itemProps><itemName Sync="TRUE">metrop_region_biogeographique</itemName><imsContentType Sync="TRUE">002</imsContentType><itemLocation><linkage Sync="TRUE">file://\\EGB308LB2\C$\data\divers\metrop_region_biogeographiqueCopy</linkage><protocol Sync="TRUE">Local Area Network</protocol></itemLocation><itemSize Sync="TRUE">0.000</itemSize></itemProps><coordRef><type Sync="TRUE">Projected</type><geogcsn Sync="TRUE">GCS_RGF_1993</geogcsn><csUnits Sync="TRUE">Linear Unit: Meter (1.000000)</csUnits><projcsn Sync="TRUE">RGF_1993_Lambert_93</projcsn><peXml Sync="TRUE">&lt;ProjectedCoordinateSystem xsi:type='typens:ProjectedCoordinateSystem' xmlns:xsi='http://www.w3.org/2001/XMLSchema-instance' xmlns:xs='http://www.w3.org/2001/XMLSchema' xmlns:typens='http://www.esri.com/schemas/ArcGIS/10.7'&gt;&lt;WKT&gt;PROJCS[&amp;quot;RGF_1993_Lambert_93&amp;quot;,GEOGCS[&amp;quot;GCS_RGF_1993&amp;quot;,DATUM[&amp;quot;D_RGF_1993&amp;quot;,SPHEROID[&amp;quot;GRS_1980&amp;quot;,6378137.0,298.257222101]],PRIMEM[&amp;quot;Greenwich&amp;quot;,0.0],UNIT[&amp;quot;Degree&amp;quot;,0.0174532925199433]],PROJECTION[&amp;quot;Lambert_Conformal_Conic&amp;quot;],PARAMETER[&amp;quot;False_Easting&amp;quot;,700000.0],PARAMETER[&amp;quot;False_Northing&amp;quot;,6600000.0],PARAMETER[&amp;quot;Central_Meridian&amp;quot;,3.0],PARAMETER[&amp;quot;Standard_Parallel_1&amp;quot;,44.0],PARAMETER[&amp;quot;Standard_Parallel_2&amp;quot;,49.0],PARAMETER[&amp;quot;Latitude_Of_Origin&amp;quot;,46.5],UNIT[&amp;quot;Meter&amp;quot;,1.0],AUTHORITY[&amp;quot;EPSG&amp;quot;,2154]]&lt;/WKT&gt;&lt;XOrigin&gt;-35597500&lt;/XOrigin&gt;&lt;YOrigin&gt;-23641900&lt;/YOrigin&gt;&lt;XYScale&gt;124074650.52332792&lt;/XYScale&gt;&lt;ZOrigin&gt;-100000&lt;/ZOrigin&gt;&lt;ZScale&gt;10000&lt;/ZScale&gt;&lt;MOrigin&gt;-100000&lt;/MOrigin&gt;&lt;MScale&gt;10000&lt;/MScale&gt;&lt;XYTolerance&gt;0.001&lt;/XYTolerance&gt;&lt;ZTolerance&gt;0.001&lt;/ZTolerance&gt;&lt;MTolerance&gt;0.001&lt;/MTolerance&gt;&lt;HighPrecision&gt;true&lt;/HighPrecision&gt;&lt;WKID&gt;102110&lt;/WKID&gt;&lt;LatestWKID&gt;2154&lt;/LatestWKID&gt;&lt;/ProjectedCoordinateSystem&gt;</peXml></coordRef><lineage><Process ToolSource="c:\program files (x86)\arcgis\desktop10.5\ArcToolbox\Toolboxes\Conversion Tools.tbx\FeatureClassToFeatureClass" Date="20201207" Time="145640">FeatureClassToFeatureClass C:\data\divers\region_biogeographique.shp C:\data\valid.mdb\metrop regbio # "CODE "CODE" true true false 5 Text 0 0 ,First,#,C:\data\divers\region_biogeographique.shp,CODE,-1,-1;N_DOMAINE "N_DOMAINE" true true false 50 Text 0 0 ,First,#,C:\data\divers\region_biogeographique.shp,N_DOMAINE,-1,-1;DOMAINE_EU "DOMAINE_EU" true true false 5 Long 0 5 ,First,#,C:\data\divers\region_biogeographique.shp,DOMAINE_EU,-1,-1" #</Process><Process ToolSource="c:\program files (x86)\arcgis\desktop10.5\ArcToolbox\Toolboxes\Conversion Tools.tbx\FeatureClassToFeatureClass" Date="20201207" Time="150411">FeatureClassToFeatureClass C:\data\valid.mdb\metrop\regbio C:\data\divers region_biogeographique.shp # "CODE "CODE" true true false 5 Text 0 0 ,First,#,C:\data\valid.mdb\metrop\regbio,CODE,-1,-1;N_DOMAINE "N_DOMAINE" true true false 50 Text 0 0 ,First,#,C:\data\valid.mdb\metrop\regbio,N_DOMAINE,-1,-1;DOMAINE_EU "DOMAINE_EU" true true false 4 Long 0 0 ,First,#,C:\data\valid.mdb\metrop\regbio,DOMAINE_EU,-1,-1;Shape_Leng "Shape_Leng" false true true 8 Double 0 0 ,First,#,C:\data\valid.mdb\metrop\regbio,Shape_Length,-1,-1;Shape_Area "Shape_Area" false true true 8 Double 0 0 ,First,#,C:\data\valid.mdb\metrop\regbio,Shape_Area,-1,-1" #</Process><Process Name="Add Field" ToolSource="c:\program files (x86)\arcgis\desktop10.7\ArcToolbox\Toolboxes\Data Management Tools.tbx\AddField" Date="20201207" Time="180743">AddField region_biogeographique X_PROJ LONG # # # # NULLABLE NON_REQUIRED #</Process><Process Name="Calculate Field" ToolSource="c:\program files (x86)\arcgis\desktop10.7\ArcToolbox\Toolboxes\Data Management Tools.tbx\CalculateField" Date="20201207" Time="180803">CalculateField region_biogeographique X_PROJ !shape.labelPoint.X! PYTHON_9.3 #</Process><Process Name="Add Field (2)" ToolSource="c:\program files (x86)\arcgis\desktop10.7\ArcToolbox\Toolboxes\Data Management Tools.tbx\AddField" Date="20201207" Time="180803">AddField region_biogeographique Y_PROJ LONG # # # # NULLABLE NON_REQUIRED #</Process><Process Name="Calculate Field (2)" ToolSource="c:\program files (x86)\arcgis\desktop10.7\ArcToolbox\Toolboxes\Data Management Tools.tbx\CalculateField" Date="20201207" Time="180823">CalculateField region_biogeographique Y_PROJ !shape.labelPoint.Y! PYTHON_9.3 #</Process><Process Name="Add Field (3)" ToolSource="c:\program files (x86)\arcgis\desktop10.7\ArcToolbox\Toolboxes\Data Management Tools.tbx\AddField" Date="20201207" Time="180823">AddField region_biogeographique PRECIS_X LONG # # # # NULLABLE NON_REQUIRED #</Process><Process Name="Calculate Field (3)" ToolSource="c:\program files (x86)\arcgis\desktop10.7\ArcToolbox\Toolboxes\Data Management Tools.tbx\CalculateField" Date="20201207" Time="180823">CalculateField region_biogeographique PRECIS_X (!shape.extent.XMax! - !shape.extent.XMin!)/2 PYTHON_9.3 #</Process><Process Name="Add Field (4)" ToolSource="c:\program files (x86)\arcgis\desktop10.7\ArcToolbox\Toolboxes\Data Management Tools.tbx\AddField" Date="20201207" Time="180823">AddField region_biogeographique PRECIS_Y LONG # # # # NULLABLE NON_REQUIRED #</Process><Process Name="Calculate Field (4)" ToolSource="c:\program files (x86)\arcgis\desktop10.7\ArcToolbox\Toolboxes\Data Management Tools.tbx\CalculateField" Date="20201207" Time="180823">CalculateField region_biogeographique PRECIS_Y (!shape.extent.YMax! - !shape.extent.YMin!)/2 PYTHON_9.3 #</Process><Process ToolSource="c:\program files (x86)\arcgis\desktop10.7\ArcToolbox\Toolboxes\Data Management Tools.tbx\CalculateField" Date="20201207" Time="181511">CalculateField region_biogeographique CD_SIG ""REGBIO"&amp; [CODE]" VB #</Process><Process ToolSource="c:\program files (x86)\arcgis\desktop10.7\ArcToolbox\Toolboxes\Data Management Tools.tbx\CopyFeatures" Date="20201208" Time="150155">CopyFeatures D:\data\divers\metrop_region_biogeographique.shp D:\data\valid.mdb\metrop_region_biogeographique # 0 0 0</Process><Process ToolSource="c:\program files (x86)\arcgis\desktop10.7\ArcToolbox\Toolboxes\Data Management Tools.tbx\Dissolve" Date="20201208" Time="151507">Dissolve D:\data\valid.mdb\metrop_region_biogeographique D:\data\valid.mdb\metrop_region_biogeo CODE;N_DOMAINE;DOMAINE_EU;X_PROJ;Y_PROJ;PRECIS_X;PRECIS_Y;CD_SIG # MULTI_PART DISSOLVE_LINES</Process><Process ToolSource="c:\program files (x86)\arcgis\desktop10.7\ArcToolbox\Toolboxes\Conversion Tools.tbx\FeatureClassToFeatureClass" Date="20201208" Time="175215">FeatureClassToFeatureClass D:\data\valid.mdb\metrop_region_biogeo D:\data\valid.mdb\metrop test2 # "CODE "CODE" true true false 5 Text 0 0 ,First,#,D:\data\valid.mdb\metrop_region_biogeo,CODE,-1,-1;N_DOMAINE "N_DOMAINE" true true false 50 Text 0 0 ,First,#,D:\data\valid.mdb\metrop_region_biogeo,N_DOMAINE,-1,-1;DOMAINE_EU "DOMAINE_EU" true true false 4 Long 0 0 ,First,#,D:\data\valid.mdb\metrop_region_biogeo,DOMAINE_EU,-1,-1;X_PROJ "X_PROJ" true true false 4 Long 0 0 ,First,#,D:\data\valid.mdb\metrop_region_biogeo,X_PROJ,-1,-1;Y_PROJ "Y_PROJ" true true false 4 Long 0 0 ,First,#,D:\data\valid.mdb\metrop_region_biogeo,Y_PROJ,-1,-1;PRECIS_X "PRECIS_X" true true false 4 Long 0 0 ,First,#,D:\data\valid.mdb\metrop_region_biogeo,PRECIS_X,-1,-1;PRECIS_Y "PRECIS_Y" true true false 4 Long 0 0 ,First,#,D:\data\valid.mdb\metrop_region_biogeo,PRECIS_Y,-1,-1;CD_SIG "CD_SIG" true true false 50 Text 0 0 ,First,#,D:\data\valid.mdb\metrop_region_biogeo,CD_SIG,-1,-1;Shape_Length "Shape_Length" false true true 8 Double 0 0 ,First,#,D:\data\valid.mdb\metrop_region_biogeo,Shape_Length,-1,-1;Shape_Area "Shape_Area" false true true 8 Double 0 0 ,First,#,D:\data\valid.mdb\metrop_region_biogeo,Shape_Area,-1,-1" #</Process><Process ToolSource="c:\program files (x86)\arcgis\desktop10.7\ArcToolbox\Toolboxes\Conversion Tools.tbx\FeatureClassToFeatureClass" Date="20201208" Time="175532">FeatureClassToFeatureClass D:\data\valid.mdb\metrop\test2 D:\data\divers metrop_region_biogeographique.shp # "CODE "CODE" true true false 5 Text 0 0 ,First,#,D:\data\valid.mdb\metrop\test2,CODE,-1,-1;N_DOMAINE "N_DOMAINE" true true false 50 Text 0 0 ,First,#,D:\data\valid.mdb\metrop\test2,N_DOMAINE,-1,-1;DOMAINE_EU "DOMAINE_EU" true true false 4 Long 0 0 ,First,#,D:\data\valid.mdb\metrop\test2,DOMAINE_EU,-1,-1;X_PROJ "X_PROJ" true true false 4 Long 0 0 ,First,#,D:\data\valid.mdb\metrop\test2,X_PROJ,-1,-1;Y_PROJ "Y_PROJ" true true false 4 Long 0 0 ,First,#,D:\data\valid.mdb\metrop\test2,Y_PROJ,-1,-1;PRECIS_X "PRECIS_X" true true false 4 Long 0 0 ,First,#,D:\data\valid.mdb\metrop\test2,PRECIS_X,-1,-1;PRECIS_Y "PRECIS_Y" true true false 4 Long 0 0 ,First,#,D:\data\valid.mdb\metrop\test2,PRECIS_Y,-1,-1;CD_SIG "CD_SIG" true true false 50 Text 0 0 ,First,#,D:\data\valid.mdb\metrop\test2,CD_SIG,-1,-1;Shape_Leng "Shape_Leng" false true true 8 Double 0 0 ,First,#,D:\data\valid.mdb\metrop\test2,Shape_Length,-1,-1;Shape_Area "Shape_Area" false true true 8 Double 0 0 ,First,#,D:\data\valid.mdb\metrop\test2,Shape_Area,-1,-1" #</Process></lineage><copyHistory><copy source="C:\data\divers\metrop_region_biogeographique" dest="\\EGB308LB2\C$\data\divers\metrop_region_biogeographiqueCopy" date="20220520" time="09444000"></copy></copyHistory></DataProperties><SyncDate>20201208</SyncDate><SyncTime>17553200</SyncTime><ModDate>20201208</ModDate><ModTime>17553200</ModTime></Esri><dataIdInfo><envirDesc Sync="TRUE"> Version 6.2 (Build 9200) ; Esri ArcGIS 10.7.0.10450</envirDesc><dataLang><languageCode value="fra" Sync="TRUE"></languageCode><countryCode value="FRA" Sync="TRUE"></countryCode></dataLang><idCitation><resTitle Sync="TRUE">metrop_region_biogeographique</resTitle><presForm><PresFormCd value="005" Sync="TRUE"></PresFormCd></presForm></idCitation><spatRpType><SpatRepTypCd value="001" Sync="TRUE"></SpatRepTypCd></spatRpType></dataIdInfo><mdLang><languageCode value="fra" Sync="TRUE"></languageCode><countryCode value="FRA" Sync="TRUE"></countryCode></mdLang><distInfo><distFormat><formatName Sync="TRUE">Shapefile</formatName></distFormat><distTranOps><transSize Sync="TRUE">0.000</transSize></distTranOps></distInfo><mdHrLv><ScopeCd value="005" Sync="TRUE"></ScopeCd></mdHrLv><mdHrLvName Sync="TRUE">dataset</mdHrLvName><refSysInfo><RefSystem><refSysID><identCode code="2154" Sync="TRUE"></identCode><idCodeSpace Sync="TRUE">EPSG</idCodeSpace><idVersion Sync="TRUE">6.16(9.0.0)</idVersion></refSysID></RefSystem></refSysInfo><spatRepInfo><VectSpatRep><geometObjs Name="metrop_region_biogeographique"><geoObjTyp><GeoObjTypCd value="002" Sync="TRUE"></GeoObjTypCd></geoObjTyp><geoObjCnt Sync="TRUE">0</geoObjCnt></geometObjs><topLvl><TopoLevCd value="001" Sync="TRUE"></TopoLevCd></topLvl></VectSpatRep></spatRepInfo><spdoinfo><ptvctinf><esriterm Name="metrop_region_biogeographique"><efeatyp Sync="TRUE">Simple</efeatyp><efeageom code="4" Sync="TRUE"></efeageom><esritopo Sync="TRUE">FALSE</esritopo><efeacnt Sync="TRUE">0</efeacnt><spindex Sync="TRUE">FALSE</spindex><linrefer Sync="TRUE">FALSE</linrefer></esriterm></ptvctinf></spdoinfo><eainfo><detailed Name="metrop_region_biogeographique"><enttyp><enttypl Sync="TRUE">metrop_region_biogeographique</enttypl><enttypt Sync="TRUE">Feature Class</enttypt><enttypc Sync="TRUE">0</enttypc></enttyp><attr><attrlabl Sync="TRUE">FID</attrlabl><attalias Sync="TRUE">FID</attalias><attrtype Sync="TRUE">OID</attrtype><attwidth Sync="TRUE">4</attwidth><atprecis Sync="TRUE">0</atprecis><attscale Sync="TRUE">0</attscale><attrdef Sync="TRUE">Internal feature number.</attrdef><attrdefs Sync="TRUE">Esri</attrdefs><attrdomv><udom Sync="TRUE">Sequential unique whole numbers that are automatically generated.</udom></attrdomv></attr><attr><attrlabl Sync="TRUE">Shape</attrlabl><attalias Sync="TRUE">Shape</attalias><attrtype Sync="TRUE">Geometry</attrtype><attwidth Sync="TRUE">0</attwidth><atprecis Sync="TRUE">0</atprecis><attscale Sync="TRUE">0</attscale><attrdef Sync="TRUE">Feature geometry.</attrdef><attrdefs Sync="TRUE">Esri</attrdefs><attrdomv><udom Sync="TRUE">Coordinates defining the features.</udom></attrdomv></attr><attr><attrlabl Sync="TRUE">CODE</attrlabl><attalias Sync="TRUE">CODE</attalias><attrtype Sync="TRUE">String</attrtype><attwidth Sync="TRUE">5</attwidth><atprecis Sync="TRUE">0</atprecis><attscale Sync="TRUE">0</attscale></attr><attr><attrlabl Sync="TRUE">N_DOMAINE</attrlabl><attalias Sync="TRUE">N_DOMAINE</attalias><attrtype Sync="TRUE">String</attrtype><attwidth Sync="TRUE">50</attwidth><atprecis Sync="TRUE">0</atprecis><attscale Sync="TRUE">0</attscale></attr><attr><attrlabl Sync="TRUE">DOMAINE_EU</attrlabl><attalias Sync="TRUE">DOMAINE_EU</attalias><attrtype Sync="TRUE">Integer</attrtype><attwidth Sync="TRUE">10</attwidth><atprecis Sync="TRUE">10</atprecis><attscale Sync="TRUE">0</attscale></attr><attr><attrlabl Sync="TRUE">X_PROJ</attrlabl><attalias Sync="TRUE">X_PROJ</attalias><attrtype Sync="TRUE">Integer</attrtype><attwidth Sync="TRUE">10</attwidth><atprecis Sync="TRUE">10</atprecis><attscale Sync="TRUE">0</attscale></attr><attr><attrlabl Sync="TRUE">Y_PROJ</attrlabl><attalias Sync="TRUE">Y_PROJ</attalias><attrtype Sync="TRUE">Integer</attrtype><attwidth Sync="TRUE">10</attwidth><atprecis Sync="TRUE">10</atprecis><attscale Sync="TRUE">0</attscale></attr><attr><attrlabl Sync="TRUE">PRECIS_X</attrlabl><attalias Sync="TRUE">PRECIS_X</attalias><attrtype Sync="TRUE">Integer</attrtype><attwidth Sync="TRUE">10</attwidth><atprecis Sync="TRUE">10</atprecis><attscale Sync="TRUE">0</attscale></attr><attr><attrlabl Sync="TRUE">PRECIS_Y</attrlabl><attalias Sync="TRUE">PRECIS_Y</attalias><attrtype Sync="TRUE">Integer</attrtype><attwidth Sync="TRUE">10</attwidth><atprecis Sync="TRUE">10</atprecis><attscale Sync="TRUE">0</attscale></attr><attr><attrlabl Sync="TRUE">CD_SIG</attrlabl><attalias Sync="TRUE">CD_SIG</attalias><attrtype Sync="TRUE">String</attrtype><attwidth Sync="TRUE">50</attwidth><atprecis Sync="TRUE">0</atprecis><attscale Sync="TRUE">0</attscale></attr><attr><attrlabl Sync="TRUE">Shape_Leng</attrlabl><attalias Sync="TRUE">Shape_Leng</attalias><attrtype Sync="TRUE">Double</attrtype><attwidth Sync="TRUE">19</attwidth><atprecis Sync="TRUE">0</atprecis><attscale Sync="TRUE">0</attscale></attr><attr><attrlabl Sync="TRUE">Shape_Area</attrlabl><attalias Sync="TRUE">Shape_Area</attalias><attrtype Sync="TRUE">Double</attrtype><attwidth Sync="TRUE">19</attwidth><atprecis Sync="TRUE">0</atprecis><attscale Sync="TRUE">0</attscale><attrdef Sync="TRUE">Area of feature in internal units squared.</attrdef><attrdefs Sync="TRUE">Esri</attrdefs><attrdomv><udom Sync="TRUE">Positive real numbers that are automatically generated.</udom></attrdomv></attr></detailed></eainfo><mdDateSt Sync="TRUE">20201208</mdDateSt></metadata>
